TimeKey,OrderHour,OrderMinute,OrderSecond,AM/PM,OrderTimeOfDay
0:00:00,0,0,0,AM,Night
0:01:00,0,1,0,AM,Night
0:02:00,0,2,0,AM,Night
0:03:00,0,3,0,AM,Night
0:04:00,0,4,0,AM,Night
0:05:00,0,5,0,AM,Night
0:06:00,0,6,0,AM,Night
0:07:00,0,7,0,AM,Night
0:08:00,0,8,0,AM,Night
0:09:00,0,9,0,AM,Night
0:10:00,0,10,0,AM,Night
0:11:00,0,11,0,AM,Night
0:12:00,0,12,0,AM,Night
0:13:00,0,13,0,AM,Night
0:14:00,0,14,0,AM,Night
0:15:00,0,15,0,AM,Night
0:16:00,0,16,0,AM,Night
0:17:00,0,17,0,AM,Night
0:18:00,0,18,0,AM,Night
0:19:00,0,19,0,AM,Night
0:20:00,0,20,0,AM,Night
0:21:00,0,21,0,AM,Night
0:22:00,0,22,0,AM,Night
0:23:00,0,23,0,AM,Night
0:24:00,0,24,0,AM,Night
0:25:00,0,25,0,AM,Night
0:26:00,0,26,0,AM,Night
0:27:00,0,27,0,AM,Night
0:28:00,0,28,0,AM,Night
0:29:00,0,29,0,AM,Night
0:30:00,0,30,0,AM,Night
0:31:00,0,31,0,AM,Night
0:32:00,0,32,0,AM,Night
0:33:00,0,33,0,AM,Night
0:34:00,0,34,0,AM,Night
0:35:00,0,35,0,AM,Night
0:36:00,0,36,0,AM,Night
0:37:00,0,37,0,AM,Night
0:38:00,0,38,0,AM,Night
0:39:00,0,39,0,AM,Night
0:40:00,0,40,0,AM,Night
0:41:00,0,41,0,AM,Night
0:42:00,0,42,0,AM,Night
0:43:00,0,43,0,AM,Night
0:44:00,0,44,0,AM,Night
0:45:00,0,45,0,AM,Night
0:46:00,0,46,0,AM,Night
0:47:00,0,47,0,AM,Night
0:48:00,0,48,0,AM,Night
0:49:00,0,49,0,AM,Night
0:50:00,0,50,0,AM,Night
0:51:00,0,51,0,AM,Night
0:52:00,0,52,0,AM,Night
0:53:00,0,53,0,AM,Night
0:54:00,0,54,0,AM,Night
0:55:00,0,55,0,AM,Night
0:56:00,0,56,0,AM,Night
0:57:00,0,57,0,AM,Night
0:58:00,0,58,0,AM,Night
0:59:00,0,59,0,AM,Night
1:00:00,1,0,0,AM,Night
1:01:00,1,1,0,AM,Night
1:02:00,1,2,0,AM,Night
1:03:00,1,3,0,AM,Night
1:04:00,1,4,0,AM,Night
1:05:00,1,5,0,AM,Night
1:06:00,1,6,0,AM,Night
1:07:00,1,7,0,AM,Night
1:08:00,1,8,0,AM,Night
1:09:00,1,9,0,AM,Night
1:10:00,1,10,0,AM,Night
1:11:00,1,11,0,AM,Night
1:12:00,1,12,0,AM,Night
1:13:00,1,13,0,AM,Night
1:14:00,1,14,0,AM,Night
1:15:00,1,15,0,AM,Night
1:16:00,1,16,0,AM,Night
1:17:00,1,17,0,AM,Night
1:18:00,1,18,0,AM,Night
1:19:00,1,19,0,AM,Night
1:20:00,1,20,0,AM,Night
1:21:00,1,21,0,AM,Night
1:22:00,1,22,0,AM,Night
1:23:00,1,23,0,AM,Night
1:24:00,1,24,0,AM,Night
1:25:00,1,25,0,AM,Night
1:26:00,1,26,0,AM,Night
1:27:00,1,27,0,AM,Night
1:28:00,1,28,0,AM,Night
1:29:00,1,29,0,AM,Night
1:30:00,1,30,0,AM,Night
1:31:00,1,31,0,AM,Night
1:32:00,1,32,0,AM,Night
1:33:00,1,33,0,AM,Night
1:34:00,1,34,0,AM,Night
1:35:00,1,35,0,AM,Night
1:36:00,1,36,0,AM,Night
1:37:00,1,37,0,AM,Night
1:38:00,1,38,0,AM,Night
1:39:00,1,39,0,AM,Night
1:40:00,1,40,0,AM,Night
1:41:00,1,41,0,AM,Night
1:42:00,1,42,0,AM,Night
1:43:00,1,43,0,AM,Night
1:44:00,1,44,0,AM,Night
1:45:00,1,45,0,AM,Night
1:46:00,1,46,0,AM,Night
1:47:00,1,47,0,AM,Night
1:48:00,1,48,0,AM,Night
1:49:00,1,49,0,AM,Night
1:50:00,1,50,0,AM,Night
1:51:00,1,51,0,AM,Night
1:52:00,1,52,0,AM,Night
1:53:00,1,53,0,AM,Night
1:54:00,1,54,0,AM,Night
1:55:00,1,55,0,AM,Night
1:56:00,1,56,0,AM,Night
1:57:00,1,57,0,AM,Night
1:58:00,1,58,0,AM,Night
1:59:00,1,59,0,AM,Night
2:00:00,2,0,0,AM,Night
2:01:00,2,1,0,AM,Night
2:02:00,2,2,0,AM,Night
2:03:00,2,3,0,AM,Night
2:04:00,2,4,0,AM,Night
2:05:00,2,5,0,AM,Night
2:06:00,2,6,0,AM,Night
2:07:00,2,7,0,AM,Night
2:08:00,2,8,0,AM,Night
2:09:00,2,9,0,AM,Night
2:10:00,2,10,0,AM,Night
2:11:00,2,11,0,AM,Night
2:12:00,2,12,0,AM,Night
2:13:00,2,13,0,AM,Night
2:14:00,2,14,0,AM,Night
2:15:00,2,15,0,AM,Night
2:16:00,2,16,0,AM,Night
2:17:00,2,17,0,AM,Night
2:18:00,2,18,0,AM,Night
2:19:00,2,19,0,AM,Night
2:20:00,2,20,0,AM,Night
2:21:00,2,21,0,AM,Night
2:22:00,2,22,0,AM,Night
2:23:00,2,23,0,AM,Night
2:24:00,2,24,0,AM,Night
2:25:00,2,25,0,AM,Night
2:26:00,2,26,0,AM,Night
2:27:00,2,27,0,AM,Night
2:28:00,2,28,0,AM,Night
2:29:00,2,29,0,AM,Night
2:30:00,2,30,0,AM,Night
2:31:00,2,31,0,AM,Night
2:32:00,2,32,0,AM,Night
2:33:00,2,33,0,AM,Night
2:34:00,2,34,0,AM,Night
2:35:00,2,35,0,AM,Night
2:36:00,2,36,0,AM,Night
2:37:00,2,37,0,AM,Night
2:38:00,2,38,0,AM,Night
2:39:00,2,39,0,AM,Night
2:40:00,2,40,0,AM,Night
2:41:00,2,41,0,AM,Night
2:42:00,2,42,0,AM,Night
2:43:00,2,43,0,AM,Night
2:44:00,2,44,0,AM,Night
2:45:00,2,45,0,AM,Night
2:46:00,2,46,0,AM,Night
2:47:00,2,47,0,AM,Night
2:48:00,2,48,0,AM,Night
2:49:00,2,49,0,AM,Night
2:50:00,2,50,0,AM,Night
2:51:00,2,51,0,AM,Night
2:52:00,2,52,0,AM,Night
2:53:00,2,53,0,AM,Night
2:54:00,2,54,0,AM,Night
2:55:00,2,55,0,AM,Night
2:56:00,2,56,0,AM,Night
2:57:00,2,57,0,AM,Night
2:58:00,2,58,0,AM,Night
2:59:00,2,59,0,AM,Night
3:00:00,3,0,0,AM,Night
3:01:00,3,1,0,AM,Night
3:02:00,3,2,0,AM,Night
3:03:00,3,3,0,AM,Night
3:04:00,3,4,0,AM,Night
3:05:00,3,5,0,AM,Night
3:06:00,3,6,0,AM,Night
3:07:00,3,7,0,AM,Night
3:08:00,3,8,0,AM,Night
3:09:00,3,9,0,AM,Night
3:10:00,3,10,0,AM,Night
3:11:00,3,11,0,AM,Night
3:12:00,3,12,0,AM,Night
3:13:00,3,13,0,AM,Night
3:14:00,3,14,0,AM,Night
3:15:00,3,15,0,AM,Night
3:16:00,3,16,0,AM,Night
3:17:00,3,17,0,AM,Night
3:18:00,3,18,0,AM,Night
3:19:00,3,19,0,AM,Night
3:20:00,3,20,0,AM,Night
3:21:00,3,21,0,AM,Night
3:22:00,3,22,0,AM,Night
3:23:00,3,23,0,AM,Night
3:24:00,3,24,0,AM,Night
3:25:00,3,25,0,AM,Night
3:26:00,3,26,0,AM,Night
3:27:00,3,27,0,AM,Night
3:28:00,3,28,0,AM,Night
3:29:00,3,29,0,AM,Night
3:30:00,3,30,0,AM,Night
3:31:00,3,31,0,AM,Night
3:32:00,3,32,0,AM,Night
3:33:00,3,33,0,AM,Night
3:34:00,3,34,0,AM,Night
3:35:00,3,35,0,AM,Night
3:36:00,3,36,0,AM,Night
3:37:00,3,37,0,AM,Night
3:38:00,3,38,0,AM,Night
3:39:00,3,39,0,AM,Night
3:40:00,3,40,0,AM,Night
3:41:00,3,41,0,AM,Night
3:42:00,3,42,0,AM,Night
3:43:00,3,43,0,AM,Night
3:44:00,3,44,0,AM,Night
3:45:00,3,45,0,AM,Night
3:46:00,3,46,0,AM,Night
3:47:00,3,47,0,AM,Night
3:48:00,3,48,0,AM,Night
3:49:00,3,49,0,AM,Night
3:50:00,3,50,0,AM,Night
3:51:00,3,51,0,AM,Night
3:52:00,3,52,0,AM,Night
3:53:00,3,53,0,AM,Night
3:54:00,3,54,0,AM,Night
3:55:00,3,55,0,AM,Night
3:56:00,3,56,0,AM,Night
3:57:00,3,57,0,AM,Night
3:58:00,3,58,0,AM,Night
3:59:00,3,59,0,AM,Night
4:00:00,4,0,0,AM,Night
4:01:00,4,1,0,AM,Night
4:02:00,4,2,0,AM,Night
4:03:00,4,3,0,AM,Night
4:04:00,4,4,0,AM,Night
4:05:00,4,5,0,AM,Night
4:06:00,4,6,0,AM,Night
4:07:00,4,7,0,AM,Night
4:08:00,4,8,0,AM,Night
4:09:00,4,9,0,AM,Night
4:10:00,4,10,0,AM,Night
4:11:00,4,11,0,AM,Night
4:12:00,4,12,0,AM,Night
4:13:00,4,13,0,AM,Night
4:14:00,4,14,0,AM,Night
4:15:00,4,15,0,AM,Night
4:16:00,4,16,0,AM,Night
4:17:00,4,17,0,AM,Night
4:18:00,4,18,0,AM,Night
4:19:00,4,19,0,AM,Night
4:20:00,4,20,0,AM,Night
4:21:00,4,21,0,AM,Night
4:22:00,4,22,0,AM,Night
4:23:00,4,23,0,AM,Night
4:24:00,4,24,0,AM,Night
4:25:00,4,25,0,AM,Night
4:26:00,4,26,0,AM,Night
4:27:00,4,27,0,AM,Night
4:28:00,4,28,0,AM,Night
4:29:00,4,29,0,AM,Night
4:30:00,4,30,0,AM,Night
4:31:00,4,31,0,AM,Night
4:32:00,4,32,0,AM,Night
4:33:00,4,33,0,AM,Night
4:34:00,4,34,0,AM,Night
4:35:00,4,35,0,AM,Night
4:36:00,4,36,0,AM,Night
4:37:00,4,37,0,AM,Night
4:38:00,4,38,0,AM,Night
4:39:00,4,39,0,AM,Night
4:40:00,4,40,0,AM,Night
4:41:00,4,41,0,AM,Night
4:42:00,4,42,0,AM,Night
4:43:00,4,43,0,AM,Night
4:44:00,4,44,0,AM,Night
4:45:00,4,45,0,AM,Night
4:46:00,4,46,0,AM,Night
4:47:00,4,47,0,AM,Night
4:48:00,4,48,0,AM,Night
4:49:00,4,49,0,AM,Night
4:50:00,4,50,0,AM,Night
4:51:00,4,51,0,AM,Night
4:52:00,4,52,0,AM,Night
4:53:00,4,53,0,AM,Night
4:54:00,4,54,0,AM,Night
4:55:00,4,55,0,AM,Night
4:56:00,4,56,0,AM,Night
4:57:00,4,57,0,AM,Night
4:58:00,4,58,0,AM,Night
4:59:00,4,59,0,AM,Night
5:00:00,5,0,0,AM,Night
5:01:00,5,1,0,AM,Night
5:02:00,5,2,0,AM,Night
5:03:00,5,3,0,AM,Night
5:04:00,5,4,0,AM,Night
5:05:00,5,5,0,AM,Night
5:06:00,5,6,0,AM,Night
5:07:00,5,7,0,AM,Night
5:08:00,5,8,0,AM,Night
5:09:00,5,9,0,AM,Night
5:10:00,5,10,0,AM,Night
5:11:00,5,11,0,AM,Night
5:12:00,5,12,0,AM,Night
5:13:00,5,13,0,AM,Night
5:14:00,5,14,0,AM,Night
5:15:00,5,15,0,AM,Night
5:16:00,5,16,0,AM,Night
5:17:00,5,17,0,AM,Night
5:18:00,5,18,0,AM,Night
5:19:00,5,19,0,AM,Night
5:20:00,5,20,0,AM,Night
5:21:00,5,21,0,AM,Night
5:22:00,5,22,0,AM,Night
5:23:00,5,23,0,AM,Night
5:24:00,5,24,0,AM,Night
5:25:00,5,25,0,AM,Night
5:26:00,5,26,0,AM,Night
5:27:00,5,27,0,AM,Night
5:28:00,5,28,0,AM,Night
5:29:00,5,29,0,AM,Night
5:30:00,5,30,0,AM,Night
5:31:00,5,31,0,AM,Night
5:32:00,5,32,0,AM,Night
5:33:00,5,33,0,AM,Night
5:34:00,5,34,0,AM,Night
5:35:00,5,35,0,AM,Night
5:36:00,5,36,0,AM,Night
5:37:00,5,37,0,AM,Night
5:38:00,5,38,0,AM,Night
5:39:00,5,39,0,AM,Night
5:40:00,5,40,0,AM,Night
5:41:00,5,41,0,AM,Night
5:42:00,5,42,0,AM,Night
5:43:00,5,43,0,AM,Night
5:44:00,5,44,0,AM,Night
5:45:00,5,45,0,AM,Night
5:46:00,5,46,0,AM,Night
5:47:00,5,47,0,AM,Night
5:48:00,5,48,0,AM,Night
5:49:00,5,49,0,AM,Night
5:50:00,5,50,0,AM,Night
5:51:00,5,51,0,AM,Night
5:52:00,5,52,0,AM,Night
5:53:00,5,53,0,AM,Night
5:54:00,5,54,0,AM,Night
5:55:00,5,55,0,AM,Night
5:56:00,5,56,0,AM,Night
5:57:00,5,57,0,AM,Night
5:58:00,5,58,0,AM,Night
5:59:00,5,59,0,AM,Night
6:00:00,6,0,0,AM,Morning
6:01:00,6,1,0,AM,Morning
6:02:00,6,2,0,AM,Morning
6:03:00,6,3,0,AM,Morning
6:04:00,6,4,0,AM,Morning
6:05:00,6,5,0,AM,Morning
6:06:00,6,6,0,AM,Morning
6:07:00,6,7,0,AM,Morning
6:08:00,6,8,0,AM,Morning
6:09:00,6,9,0,AM,Morning
6:10:00,6,10,0,AM,Morning
6:11:00,6,11,0,AM,Morning
6:12:00,6,12,0,AM,Morning
6:13:00,6,13,0,AM,Morning
6:14:00,6,14,0,AM,Morning
6:15:00,6,15,0,AM,Morning
6:16:00,6,16,0,AM,Morning
6:17:00,6,17,0,AM,Morning
6:18:00,6,18,0,AM,Morning
6:19:00,6,19,0,AM,Morning
6:20:00,6,20,0,AM,Morning
6:21:00,6,21,0,AM,Morning
6:22:00,6,22,0,AM,Morning
6:23:00,6,23,0,AM,Morning
6:24:00,6,24,0,AM,Morning
6:25:00,6,25,0,AM,Morning
6:26:00,6,26,0,AM,Morning
6:27:00,6,27,0,AM,Morning
6:28:00,6,28,0,AM,Morning
6:29:00,6,29,0,AM,Morning
6:30:00,6,30,0,AM,Morning
6:31:00,6,31,0,AM,Morning
6:32:00,6,32,0,AM,Morning
6:33:00,6,33,0,AM,Morning
6:34:00,6,34,0,AM,Morning
6:35:00,6,35,0,AM,Morning
6:36:00,6,36,0,AM,Morning
6:37:00,6,37,0,AM,Morning
6:38:00,6,38,0,AM,Morning
6:39:00,6,39,0,AM,Morning
6:40:00,6,40,0,AM,Morning
6:41:00,6,41,0,AM,Morning
6:42:00,6,42,0,AM,Morning
6:43:00,6,43,0,AM,Morning
6:44:00,6,44,0,AM,Morning
6:45:00,6,45,0,AM,Morning
6:46:00,6,46,0,AM,Morning
6:47:00,6,47,0,AM,Morning
6:48:00,6,48,0,AM,Morning
6:49:00,6,49,0,AM,Morning
6:50:00,6,50,0,AM,Morning
6:51:00,6,51,0,AM,Morning
6:52:00,6,52,0,AM,Morning
6:53:00,6,53,0,AM,Morning
6:54:00,6,54,0,AM,Morning
6:55:00,6,55,0,AM,Morning
6:56:00,6,56,0,AM,Morning
6:57:00,6,57,0,AM,Morning
6:58:00,6,58,0,AM,Morning
6:59:00,6,59,0,AM,Morning
7:00:00,7,0,0,AM,Morning
7:01:00,7,1,0,AM,Morning
7:02:00,7,2,0,AM,Morning
7:03:00,7,3,0,AM,Morning
7:04:00,7,4,0,AM,Morning
7:05:00,7,5,0,AM,Morning
7:06:00,7,6,0,AM,Morning
7:07:00,7,7,0,AM,Morning
7:08:00,7,8,0,AM,Morning
7:09:00,7,9,0,AM,Morning
7:10:00,7,10,0,AM,Morning
7:11:00,7,11,0,AM,Morning
7:12:00,7,12,0,AM,Morning
7:13:00,7,13,0,AM,Morning
7:14:00,7,14,0,AM,Morning
7:15:00,7,15,0,AM,Morning
7:16:00,7,16,0,AM,Morning
7:17:00,7,17,0,AM,Morning
7:18:00,7,18,0,AM,Morning
7:19:00,7,19,0,AM,Morning
7:20:00,7,20,0,AM,Morning
7:21:00,7,21,0,AM,Morning
7:22:00,7,22,0,AM,Morning
7:23:00,7,23,0,AM,Morning
7:24:00,7,24,0,AM,Morning
7:25:00,7,25,0,AM,Morning
7:26:00,7,26,0,AM,Morning
7:27:00,7,27,0,AM,Morning
7:28:00,7,28,0,AM,Morning
7:29:00,7,29,0,AM,Morning
7:30:00,7,30,0,AM,Morning
7:31:00,7,31,0,AM,Morning
7:32:00,7,32,0,AM,Morning
7:33:00,7,33,0,AM,Morning
7:34:00,7,34,0,AM,Morning
7:35:00,7,35,0,AM,Morning
7:36:00,7,36,0,AM,Morning
7:37:00,7,37,0,AM,Morning
7:38:00,7,38,0,AM,Morning
7:39:00,7,39,0,AM,Morning
7:40:00,7,40,0,AM,Morning
7:41:00,7,41,0,AM,Morning
7:42:00,7,42,0,AM,Morning
7:43:00,7,43,0,AM,Morning
7:44:00,7,44,0,AM,Morning
7:45:00,7,45,0,AM,Morning
7:46:00,7,46,0,AM,Morning
7:47:00,7,47,0,AM,Morning
7:48:00,7,48,0,AM,Morning
7:49:00,7,49,0,AM,Morning
7:50:00,7,50,0,AM,Morning
7:51:00,7,51,0,AM,Morning
7:52:00,7,52,0,AM,Morning
7:53:00,7,53,0,AM,Morning
7:54:00,7,54,0,AM,Morning
7:55:00,7,55,0,AM,Morning
7:56:00,7,56,0,AM,Morning
7:57:00,7,57,0,AM,Morning
7:58:00,7,58,0,AM,Morning
7:59:00,7,59,0,AM,Morning
8:00:00,8,0,0,AM,Morning
8:01:00,8,1,0,AM,Morning
8:02:00,8,2,0,AM,Morning
8:03:00,8,3,0,AM,Morning
8:04:00,8,4,0,AM,Morning
8:05:00,8,5,0,AM,Morning
8:06:00,8,6,0,AM,Morning
8:07:00,8,7,0,AM,Morning
8:08:00,8,8,0,AM,Morning
8:09:00,8,9,0,AM,Morning
8:10:00,8,10,0,AM,Morning
8:11:00,8,11,0,AM,Morning
8:12:00,8,12,0,AM,Morning
8:13:00,8,13,0,AM,Morning
8:14:00,8,14,0,AM,Morning
8:15:00,8,15,0,AM,Morning
8:16:00,8,16,0,AM,Morning
8:17:00,8,17,0,AM,Morning
8:18:00,8,18,0,AM,Morning
8:19:00,8,19,0,AM,Morning
8:20:00,8,20,0,AM,Morning
8:21:00,8,21,0,AM,Morning
8:22:00,8,22,0,AM,Morning
8:23:00,8,23,0,AM,Morning
8:24:00,8,24,0,AM,Morning
8:25:00,8,25,0,AM,Morning
8:26:00,8,26,0,AM,Morning
8:27:00,8,27,0,AM,Morning
8:28:00,8,28,0,AM,Morning
8:29:00,8,29,0,AM,Morning
8:30:00,8,30,0,AM,Morning
8:31:00,8,31,0,AM,Morning
8:32:00,8,32,0,AM,Morning
8:33:00,8,33,0,AM,Morning
8:34:00,8,34,0,AM,Morning
8:35:00,8,35,0,AM,Morning
8:36:00,8,36,0,AM,Morning
8:37:00,8,37,0,AM,Morning
8:38:00,8,38,0,AM,Morning
8:39:00,8,39,0,AM,Morning
8:40:00,8,40,0,AM,Morning
8:41:00,8,41,0,AM,Morning
8:42:00,8,42,0,AM,Morning
8:43:00,8,43,0,AM,Morning
8:44:00,8,44,0,AM,Morning
8:45:00,8,45,0,AM,Morning
8:46:00,8,46,0,AM,Morning
8:47:00,8,47,0,AM,Morning
8:48:00,8,48,0,AM,Morning
8:49:00,8,49,0,AM,Morning
8:50:00,8,50,0,AM,Morning
8:51:00,8,51,0,AM,Morning
8:52:00,8,52,0,AM,Morning
8:53:00,8,53,0,AM,Morning
8:54:00,8,54,0,AM,Morning
8:55:00,8,55,0,AM,Morning
8:56:00,8,56,0,AM,Morning
8:57:00,8,57,0,AM,Morning
8:58:00,8,58,0,AM,Morning
8:59:00,8,59,0,AM,Morning
9:00:00,9,0,0,AM,Morning
9:01:00,9,1,0,AM,Morning
9:02:00,9,2,0,AM,Morning
9:03:00,9,3,0,AM,Morning
9:04:00,9,4,0,AM,Morning
9:05:00,9,5,0,AM,Morning
9:06:00,9,6,0,AM,Morning
9:07:00,9,7,0,AM,Morning
9:08:00,9,8,0,AM,Morning
9:09:00,9,9,0,AM,Morning
9:10:00,9,10,0,AM,Morning
9:11:00,9,11,0,AM,Morning
9:12:00,9,12,0,AM,Morning
9:13:00,9,13,0,AM,Morning
9:14:00,9,14,0,AM,Morning
9:15:00,9,15,0,AM,Morning
9:16:00,9,16,0,AM,Morning
9:17:00,9,17,0,AM,Morning
9:18:00,9,18,0,AM,Morning
9:19:00,9,19,0,AM,Morning
9:20:00,9,20,0,AM,Morning
9:21:00,9,21,0,AM,Morning
9:22:00,9,22,0,AM,Morning
9:23:00,9,23,0,AM,Morning
9:24:00,9,24,0,AM,Morning
9:25:00,9,25,0,AM,Morning
9:26:00,9,26,0,AM,Morning
9:27:00,9,27,0,AM,Morning
9:28:00,9,28,0,AM,Morning
9:29:00,9,29,0,AM,Morning
9:30:00,9,30,0,AM,Morning
9:31:00,9,31,0,AM,Morning
9:32:00,9,32,0,AM,Morning
9:33:00,9,33,0,AM,Morning
9:34:00,9,34,0,AM,Morning
9:35:00,9,35,0,AM,Morning
9:36:00,9,36,0,AM,Morning
9:37:00,9,37,0,AM,Morning
9:38:00,9,38,0,AM,Morning
9:39:00,9,39,0,AM,Morning
9:40:00,9,40,0,AM,Morning
9:41:00,9,41,0,AM,Morning
9:42:00,9,42,0,AM,Morning
9:43:00,9,43,0,AM,Morning
9:44:00,9,44,0,AM,Morning
9:45:00,9,45,0,AM,Morning
9:46:00,9,46,0,AM,Morning
9:47:00,9,47,0,AM,Morning
9:48:00,9,48,0,AM,Morning
9:49:00,9,49,0,AM,Morning
9:50:00,9,50,0,AM,Morning
9:51:00,9,51,0,AM,Morning
9:52:00,9,52,0,AM,Morning
9:53:00,9,53,0,AM,Morning
9:54:00,9,54,0,AM,Morning
9:55:00,9,55,0,AM,Morning
9:56:00,9,56,0,AM,Morning
9:57:00,9,57,0,AM,Morning
9:58:00,9,58,0,AM,Morning
9:59:00,9,59,0,AM,Morning
10:00:00,10,0,0,AM,Morning
10:01:00,10,1,0,AM,Morning
10:02:00,10,2,0,AM,Morning
10:03:00,10,3,0,AM,Morning
10:04:00,10,4,0,AM,Morning
10:05:00,10,5,0,AM,Morning
10:06:00,10,6,0,AM,Morning
10:07:00,10,7,0,AM,Morning
10:08:00,10,8,0,AM,Morning
10:09:00,10,9,0,AM,Morning
10:10:00,10,10,0,AM,Morning
10:11:00,10,11,0,AM,Morning
10:12:00,10,12,0,AM,Morning
10:13:00,10,13,0,AM,Morning
10:14:00,10,14,0,AM,Morning
10:15:00,10,15,0,AM,Morning
10:16:00,10,16,0,AM,Morning
10:17:00,10,17,0,AM,Morning
10:18:00,10,18,0,AM,Morning
10:19:00,10,19,0,AM,Morning
10:20:00,10,20,0,AM,Morning
10:21:00,10,21,0,AM,Morning
10:22:00,10,22,0,AM,Morning
10:23:00,10,23,0,AM,Morning
10:24:00,10,24,0,AM,Morning
10:25:00,10,25,0,AM,Morning
10:26:00,10,26,0,AM,Morning
10:27:00,10,27,0,AM,Morning
10:28:00,10,28,0,AM,Morning
10:29:00,10,29,0,AM,Morning
10:30:00,10,30,0,AM,Morning
10:31:00,10,31,0,AM,Morning
10:32:00,10,32,0,AM,Morning
10:33:00,10,33,0,AM,Morning
10:34:00,10,34,0,AM,Morning
10:35:00,10,35,0,AM,Morning
10:36:00,10,36,0,AM,Morning
10:37:00,10,37,0,AM,Morning
10:38:00,10,38,0,AM,Morning
10:39:00,10,39,0,AM,Morning
10:40:00,10,40,0,AM,Morning
10:41:00,10,41,0,AM,Morning
10:42:00,10,42,0,AM,Morning
10:43:00,10,43,0,AM,Morning
10:44:00,10,44,0,AM,Morning
10:45:00,10,45,0,AM,Morning
10:46:00,10,46,0,AM,Morning
10:47:00,10,47,0,AM,Morning
10:48:00,10,48,0,AM,Morning
10:49:00,10,49,0,AM,Morning
10:50:00,10,50,0,AM,Morning
10:51:00,10,51,0,AM,Morning
10:52:00,10,52,0,AM,Morning
10:53:00,10,53,0,AM,Morning
10:54:00,10,54,0,AM,Morning
10:55:00,10,55,0,AM,Morning
10:56:00,10,56,0,AM,Morning
10:57:00,10,57,0,AM,Morning
10:58:00,10,58,0,AM,Morning
10:59:00,10,59,0,AM,Morning
11:00:00,11,0,0,AM,Morning
11:01:00,11,1,0,AM,Morning
11:02:00,11,2,0,AM,Morning
11:03:00,11,3,0,AM,Morning
11:04:00,11,4,0,AM,Morning
11:05:00,11,5,0,AM,Morning
11:06:00,11,6,0,AM,Morning
11:07:00,11,7,0,AM,Morning
11:08:00,11,8,0,AM,Morning
11:09:00,11,9,0,AM,Morning
11:10:00,11,10,0,AM,Morning
11:11:00,11,11,0,AM,Morning
11:12:00,11,12,0,AM,Morning
11:13:00,11,13,0,AM,Morning
11:14:00,11,14,0,AM,Morning
11:15:00,11,15,0,AM,Morning
11:16:00,11,16,0,AM,Morning
11:17:00,11,17,0,AM,Morning
11:18:00,11,18,0,AM,Morning
11:19:00,11,19,0,AM,Morning
11:20:00,11,20,0,AM,Morning
11:21:00,11,21,0,AM,Morning
11:22:00,11,22,0,AM,Morning
11:23:00,11,23,0,AM,Morning
11:24:00,11,24,0,AM,Morning
11:25:00,11,25,0,AM,Morning
11:26:00,11,26,0,AM,Morning
11:27:00,11,27,0,AM,Morning
11:28:00,11,28,0,AM,Morning
11:29:00,11,29,0,AM,Morning
11:30:00,11,30,0,AM,Morning
11:31:00,11,31,0,AM,Morning
11:32:00,11,32,0,AM,Morning
11:33:00,11,33,0,AM,Morning
11:34:00,11,34,0,AM,Morning
11:35:00,11,35,0,AM,Morning
11:36:00,11,36,0,AM,Morning
11:37:00,11,37,0,AM,Morning
11:38:00,11,38,0,AM,Morning
11:39:00,11,39,0,AM,Morning
11:40:00,11,40,0,AM,Morning
11:41:00,11,41,0,AM,Morning
11:42:00,11,42,0,AM,Morning
11:43:00,11,43,0,AM,Morning
11:44:00,11,44,0,AM,Morning
11:45:00,11,45,0,AM,Morning
11:46:00,11,46,0,AM,Morning
11:47:00,11,47,0,AM,Morning
11:48:00,11,48,0,AM,Morning
11:49:00,11,49,0,AM,Morning
11:50:00,11,50,0,AM,Morning
11:51:00,11,51,0,AM,Morning
11:52:00,11,52,0,AM,Morning
11:53:00,11,53,0,AM,Morning
11:54:00,11,54,0,AM,Morning
11:55:00,11,55,0,AM,Morning
11:56:00,11,56,0,AM,Morning
11:57:00,11,57,0,AM,Morning
11:58:00,11,58,0,AM,Morning
11:59:00,11,59,0,AM,Morning
12:00:00,12,0,0,PM,Afternoon
12:01:00,12,1,0,PM,Afternoon
12:02:00,12,2,0,PM,Afternoon
12:03:00,12,3,0,PM,Afternoon
12:04:00,12,4,0,PM,Afternoon
12:05:00,12,5,0,PM,Afternoon
12:06:00,12,6,0,PM,Afternoon
12:07:00,12,7,0,PM,Afternoon
12:08:00,12,8,0,PM,Afternoon
12:09:00,12,9,0,PM,Afternoon
12:10:00,12,10,0,PM,Afternoon
12:11:00,12,11,0,PM,Afternoon
12:12:00,12,12,0,PM,Afternoon
12:13:00,12,13,0,PM,Afternoon
12:14:00,12,14,0,PM,Afternoon
12:15:00,12,15,0,PM,Afternoon
12:16:00,12,16,0,PM,Afternoon
12:17:00,12,17,0,PM,Afternoon
12:18:00,12,18,0,PM,Afternoon
12:19:00,12,19,0,PM,Afternoon
12:20:00,12,20,0,PM,Afternoon
12:21:00,12,21,0,PM,Afternoon
12:22:00,12,22,0,PM,Afternoon
12:23:00,12,23,0,PM,Afternoon
12:24:00,12,24,0,PM,Afternoon
12:25:00,12,25,0,PM,Afternoon
12:26:00,12,26,0,PM,Afternoon
12:27:00,12,27,0,PM,Afternoon
12:28:00,12,28,0,PM,Afternoon
12:29:00,12,29,0,PM,Afternoon
12:30:00,12,30,0,PM,Afternoon
12:31:00,12,31,0,PM,Afternoon
12:32:00,12,32,0,PM,Afternoon
12:33:00,12,33,0,PM,Afternoon
12:34:00,12,34,0,PM,Afternoon
12:35:00,12,35,0,PM,Afternoon
12:36:00,12,36,0,PM,Afternoon
12:37:00,12,37,0,PM,Afternoon
12:38:00,12,38,0,PM,Afternoon
12:39:00,12,39,0,PM,Afternoon
12:40:00,12,40,0,PM,Afternoon
12:41:00,12,41,0,PM,Afternoon
12:42:00,12,42,0,PM,Afternoon
12:43:00,12,43,0,PM,Afternoon
12:44:00,12,44,0,PM,Afternoon
12:45:00,12,45,0,PM,Afternoon
12:46:00,12,46,0,PM,Afternoon
12:47:00,12,47,0,PM,Afternoon
12:48:00,12,48,0,PM,Afternoon
12:49:00,12,49,0,PM,Afternoon
12:50:00,12,50,0,PM,Afternoon
12:51:00,12,51,0,PM,Afternoon
12:52:00,12,52,0,PM,Afternoon
12:53:00,12,53,0,PM,Afternoon
12:54:00,12,54,0,PM,Afternoon
12:55:00,12,55,0,PM,Afternoon
12:56:00,12,56,0,PM,Afternoon
12:57:00,12,57,0,PM,Afternoon
12:58:00,12,58,0,PM,Afternoon
12:59:00,12,59,0,PM,Afternoon
13:00:00,13,0,0,PM,Afternoon
13:01:00,13,1,0,PM,Afternoon
13:02:00,13,2,0,PM,Afternoon
13:03:00,13,3,0,PM,Afternoon
13:04:00,13,4,0,PM,Afternoon
13:05:00,13,5,0,PM,Afternoon
13:06:00,13,6,0,PM,Afternoon
13:07:00,13,7,0,PM,Afternoon
13:08:00,13,8,0,PM,Afternoon
13:09:00,13,9,0,PM,Afternoon
13:10:00,13,10,0,PM,Afternoon
13:11:00,13,11,0,PM,Afternoon
13:12:00,13,12,0,PM,Afternoon
13:13:00,13,13,0,PM,Afternoon
13:14:00,13,14,0,PM,Afternoon
13:15:00,13,15,0,PM,Afternoon
13:16:00,13,16,0,PM,Afternoon
13:17:00,13,17,0,PM,Afternoon
13:18:00,13,18,0,PM,Afternoon
13:19:00,13,19,0,PM,Afternoon
13:20:00,13,20,0,PM,Afternoon
13:21:00,13,21,0,PM,Afternoon
13:22:00,13,22,0,PM,Afternoon
13:23:00,13,23,0,PM,Afternoon
13:24:00,13,24,0,PM,Afternoon
13:25:00,13,25,0,PM,Afternoon
13:26:00,13,26,0,PM,Afternoon
13:27:00,13,27,0,PM,Afternoon
13:28:00,13,28,0,PM,Afternoon
13:29:00,13,29,0,PM,Afternoon
13:30:00,13,30,0,PM,Afternoon
13:31:00,13,31,0,PM,Afternoon
13:32:00,13,32,0,PM,Afternoon
13:33:00,13,33,0,PM,Afternoon
13:34:00,13,34,0,PM,Afternoon
13:35:00,13,35,0,PM,Afternoon
13:36:00,13,36,0,PM,Afternoon
13:37:00,13,37,0,PM,Afternoon
13:38:00,13,38,0,PM,Afternoon
13:39:00,13,39,0,PM,Afternoon
13:40:00,13,40,0,PM,Afternoon
13:41:00,13,41,0,PM,Afternoon
13:42:00,13,42,0,PM,Afternoon
13:43:00,13,43,0,PM,Afternoon
13:44:00,13,44,0,PM,Afternoon
13:45:00,13,45,0,PM,Afternoon
13:46:00,13,46,0,PM,Afternoon
13:47:00,13,47,0,PM,Afternoon
13:48:00,13,48,0,PM,Afternoon
13:49:00,13,49,0,PM,Afternoon
13:50:00,13,50,0,PM,Afternoon
13:51:00,13,51,0,PM,Afternoon
13:52:00,13,52,0,PM,Afternoon
13:53:00,13,53,0,PM,Afternoon
13:54:00,13,54,0,PM,Afternoon
13:55:00,13,55,0,PM,Afternoon
13:56:00,13,56,0,PM,Afternoon
13:57:00,13,57,0,PM,Afternoon
13:58:00,13,58,0,PM,Afternoon
13:59:00,13,59,0,PM,Afternoon
14:00:00,14,0,0,PM,Afternoon
14:01:00,14,1,0,PM,Afternoon
14:02:00,14,2,0,PM,Afternoon
14:03:00,14,3,0,PM,Afternoon
14:04:00,14,4,0,PM,Afternoon
14:05:00,14,5,0,PM,Afternoon
14:06:00,14,6,0,PM,Afternoon
14:07:00,14,7,0,PM,Afternoon
14:08:00,14,8,0,PM,Afternoon
14:09:00,14,9,0,PM,Afternoon
14:10:00,14,10,0,PM,Afternoon
14:11:00,14,11,0,PM,Afternoon
14:12:00,14,12,0,PM,Afternoon
14:13:00,14,13,0,PM,Afternoon
14:14:00,14,14,0,PM,Afternoon
14:15:00,14,15,0,PM,Afternoon
14:16:00,14,16,0,PM,Afternoon
14:17:00,14,17,0,PM,Afternoon
14:18:00,14,18,0,PM,Afternoon
14:19:00,14,19,0,PM,Afternoon
14:20:00,14,20,0,PM,Afternoon
14:21:00,14,21,0,PM,Afternoon
14:22:00,14,22,0,PM,Afternoon
14:23:00,14,23,0,PM,Afternoon
14:24:00,14,24,0,PM,Afternoon
14:25:00,14,25,0,PM,Afternoon
14:26:00,14,26,0,PM,Afternoon
14:27:00,14,27,0,PM,Afternoon
14:28:00,14,28,0,PM,Afternoon
14:29:00,14,29,0,PM,Afternoon
14:30:00,14,30,0,PM,Afternoon
14:31:00,14,31,0,PM,Afternoon
14:32:00,14,32,0,PM,Afternoon
14:33:00,14,33,0,PM,Afternoon
14:34:00,14,34,0,PM,Afternoon
14:35:00,14,35,0,PM,Afternoon
14:36:00,14,36,0,PM,Afternoon
14:37:00,14,37,0,PM,Afternoon
14:38:00,14,38,0,PM,Afternoon
14:39:00,14,39,0,PM,Afternoon
14:40:00,14,40,0,PM,Afternoon
14:41:00,14,41,0,PM,Afternoon
14:42:00,14,42,0,PM,Afternoon
14:43:00,14,43,0,PM,Afternoon
14:44:00,14,44,0,PM,Afternoon
14:45:00,14,45,0,PM,Afternoon
14:46:00,14,46,0,PM,Afternoon
14:47:00,14,47,0,PM,Afternoon
14:48:00,14,48,0,PM,Afternoon
14:49:00,14,49,0,PM,Afternoon
14:50:00,14,50,0,PM,Afternoon
14:51:00,14,51,0,PM,Afternoon
14:52:00,14,52,0,PM,Afternoon
14:53:00,14,53,0,PM,Afternoon
14:54:00,14,54,0,PM,Afternoon
14:55:00,14,55,0,PM,Afternoon
14:56:00,14,56,0,PM,Afternoon
14:57:00,14,57,0,PM,Afternoon
14:58:00,14,58,0,PM,Afternoon
14:59:00,14,59,0,PM,Afternoon
15:00:00,15,0,0,PM,Afternoon
15:01:00,15,1,0,PM,Afternoon
15:02:00,15,2,0,PM,Afternoon
15:03:00,15,3,0,PM,Afternoon
15:04:00,15,4,0,PM,Afternoon
15:05:00,15,5,0,PM,Afternoon
15:06:00,15,6,0,PM,Afternoon
15:07:00,15,7,0,PM,Afternoon
15:08:00,15,8,0,PM,Afternoon
15:09:00,15,9,0,PM,Afternoon
15:10:00,15,10,0,PM,Afternoon
15:11:00,15,11,0,PM,Afternoon
15:12:00,15,12,0,PM,Afternoon
15:13:00,15,13,0,PM,Afternoon
15:14:00,15,14,0,PM,Afternoon
15:15:00,15,15,0,PM,Afternoon
15:16:00,15,16,0,PM,Afternoon
15:17:00,15,17,0,PM,Afternoon
15:18:00,15,18,0,PM,Afternoon
15:19:00,15,19,0,PM,Afternoon
15:20:00,15,20,0,PM,Afternoon
15:21:00,15,21,0,PM,Afternoon
15:22:00,15,22,0,PM,Afternoon
15:23:00,15,23,0,PM,Afternoon
15:24:00,15,24,0,PM,Afternoon
15:25:00,15,25,0,PM,Afternoon
15:26:00,15,26,0,PM,Afternoon
15:27:00,15,27,0,PM,Afternoon
15:28:00,15,28,0,PM,Afternoon
15:29:00,15,29,0,PM,Afternoon
15:30:00,15,30,0,PM,Afternoon
15:31:00,15,31,0,PM,Afternoon
15:32:00,15,32,0,PM,Afternoon
15:33:00,15,33,0,PM,Afternoon
15:34:00,15,34,0,PM,Afternoon
15:35:00,15,35,0,PM,Afternoon
15:36:00,15,36,0,PM,Afternoon
15:37:00,15,37,0,PM,Afternoon
15:38:00,15,38,0,PM,Afternoon
15:39:00,15,39,0,PM,Afternoon
15:40:00,15,40,0,PM,Afternoon
15:41:00,15,41,0,PM,Afternoon
15:42:00,15,42,0,PM,Afternoon
15:43:00,15,43,0,PM,Afternoon
15:44:00,15,44,0,PM,Afternoon
15:45:00,15,45,0,PM,Afternoon
15:46:00,15,46,0,PM,Afternoon
15:47:00,15,47,0,PM,Afternoon
15:48:00,15,48,0,PM,Afternoon
15:49:00,15,49,0,PM,Afternoon
15:50:00,15,50,0,PM,Afternoon
15:51:00,15,51,0,PM,Afternoon
15:52:00,15,52,0,PM,Afternoon
15:53:00,15,53,0,PM,Afternoon
15:54:00,15,54,0,PM,Afternoon
15:55:00,15,55,0,PM,Afternoon
15:56:00,15,56,0,PM,Afternoon
15:57:00,15,57,0,PM,Afternoon
15:58:00,15,58,0,PM,Afternoon
15:59:00,15,59,0,PM,Afternoon
16:00:00,16,0,0,PM,Afternoon
16:01:00,16,1,0,PM,Afternoon
16:02:00,16,2,0,PM,Afternoon
16:03:00,16,3,0,PM,Afternoon
16:04:00,16,4,0,PM,Afternoon
16:05:00,16,5,0,PM,Afternoon
16:06:00,16,6,0,PM,Afternoon
16:07:00,16,7,0,PM,Afternoon
16:08:00,16,8,0,PM,Afternoon
16:09:00,16,9,0,PM,Afternoon
16:10:00,16,10,0,PM,Afternoon
16:11:00,16,11,0,PM,Afternoon
16:12:00,16,12,0,PM,Afternoon
16:13:00,16,13,0,PM,Afternoon
16:14:00,16,14,0,PM,Afternoon
16:15:00,16,15,0,PM,Afternoon
16:16:00,16,16,0,PM,Afternoon
16:17:00,16,17,0,PM,Afternoon
16:18:00,16,18,0,PM,Afternoon
16:19:00,16,19,0,PM,Afternoon
16:20:00,16,20,0,PM,Afternoon
16:21:00,16,21,0,PM,Afternoon
16:22:00,16,22,0,PM,Afternoon
16:23:00,16,23,0,PM,Afternoon
16:24:00,16,24,0,PM,Afternoon
16:25:00,16,25,0,PM,Afternoon
16:26:00,16,26,0,PM,Afternoon
16:27:00,16,27,0,PM,Afternoon
16:28:00,16,28,0,PM,Afternoon
16:29:00,16,29,0,PM,Afternoon
16:30:00,16,30,0,PM,Afternoon
16:31:00,16,31,0,PM,Afternoon
16:32:00,16,32,0,PM,Afternoon
16:33:00,16,33,0,PM,Afternoon
16:34:00,16,34,0,PM,Afternoon
16:35:00,16,35,0,PM,Afternoon
16:36:00,16,36,0,PM,Afternoon
16:37:00,16,37,0,PM,Afternoon
16:38:00,16,38,0,PM,Afternoon
16:39:00,16,39,0,PM,Afternoon
16:40:00,16,40,0,PM,Afternoon
16:41:00,16,41,0,PM,Afternoon
16:42:00,16,42,0,PM,Afternoon
16:43:00,16,43,0,PM,Afternoon
16:44:00,16,44,0,PM,Afternoon
16:45:00,16,45,0,PM,Afternoon
16:46:00,16,46,0,PM,Afternoon
16:47:00,16,47,0,PM,Afternoon
16:48:00,16,48,0,PM,Afternoon
16:49:00,16,49,0,PM,Afternoon
16:50:00,16,50,0,PM,Afternoon
16:51:00,16,51,0,PM,Afternoon
16:52:00,16,52,0,PM,Afternoon
16:53:00,16,53,0,PM,Afternoon
16:54:00,16,54,0,PM,Afternoon
16:55:00,16,55,0,PM,Afternoon
16:56:00,16,56,0,PM,Afternoon
16:57:00,16,57,0,PM,Afternoon
16:58:00,16,58,0,PM,Afternoon
16:59:00,16,59,0,PM,Afternoon
17:00:00,17,0,0,PM,Afternoon
17:01:00,17,1,0,PM,Afternoon
17:02:00,17,2,0,PM,Afternoon
17:03:00,17,3,0,PM,Afternoon
17:04:00,17,4,0,PM,Afternoon
17:05:00,17,5,0,PM,Afternoon
17:06:00,17,6,0,PM,Afternoon
17:07:00,17,7,0,PM,Afternoon
17:08:00,17,8,0,PM,Afternoon
17:09:00,17,9,0,PM,Afternoon
17:10:00,17,10,0,PM,Afternoon
17:11:00,17,11,0,PM,Afternoon
17:12:00,17,12,0,PM,Afternoon
17:13:00,17,13,0,PM,Afternoon
17:14:00,17,14,0,PM,Afternoon
17:15:00,17,15,0,PM,Afternoon
17:16:00,17,16,0,PM,Afternoon
17:17:00,17,17,0,PM,Afternoon
17:18:00,17,18,0,PM,Afternoon
17:19:00,17,19,0,PM,Afternoon
17:20:00,17,20,0,PM,Afternoon
17:21:00,17,21,0,PM,Afternoon
17:22:00,17,22,0,PM,Afternoon
17:23:00,17,23,0,PM,Afternoon
17:24:00,17,24,0,PM,Afternoon
17:25:00,17,25,0,PM,Afternoon
17:26:00,17,26,0,PM,Afternoon
17:27:00,17,27,0,PM,Afternoon
17:28:00,17,28,0,PM,Afternoon
17:29:00,17,29,0,PM,Afternoon
17:30:00,17,30,0,PM,Afternoon
17:31:00,17,31,0,PM,Afternoon
17:32:00,17,32,0,PM,Afternoon
17:33:00,17,33,0,PM,Afternoon
17:34:00,17,34,0,PM,Afternoon
17:35:00,17,35,0,PM,Afternoon
17:36:00,17,36,0,PM,Afternoon
17:37:00,17,37,0,PM,Afternoon
17:38:00,17,38,0,PM,Afternoon
17:39:00,17,39,0,PM,Afternoon
17:40:00,17,40,0,PM,Afternoon
17:41:00,17,41,0,PM,Afternoon
17:42:00,17,42,0,PM,Afternoon
17:43:00,17,43,0,PM,Afternoon
17:44:00,17,44,0,PM,Afternoon
17:45:00,17,45,0,PM,Afternoon
17:46:00,17,46,0,PM,Afternoon
17:47:00,17,47,0,PM,Afternoon
17:48:00,17,48,0,PM,Afternoon
17:49:00,17,49,0,PM,Afternoon
17:50:00,17,50,0,PM,Afternoon
17:51:00,17,51,0,PM,Afternoon
17:52:00,17,52,0,PM,Afternoon
17:53:00,17,53,0,PM,Afternoon
17:54:00,17,54,0,PM,Afternoon
17:55:00,17,55,0,PM,Afternoon
17:56:00,17,56,0,PM,Afternoon
17:57:00,17,57,0,PM,Afternoon
17:58:00,17,58,0,PM,Afternoon
17:59:00,17,59,0,PM,Afternoon
18:00:00,18,0,0,PM,Evening
18:01:00,18,1,0,PM,Evening
18:02:00,18,2,0,PM,Evening
18:03:00,18,3,0,PM,Evening
18:04:00,18,4,0,PM,Evening
18:05:00,18,5,0,PM,Evening
18:06:00,18,6,0,PM,Evening
18:07:00,18,7,0,PM,Evening
18:08:00,18,8,0,PM,Evening
18:09:00,18,9,0,PM,Evening
18:10:00,18,10,0,PM,Evening
18:11:00,18,11,0,PM,Evening
18:12:00,18,12,0,PM,Evening
18:13:00,18,13,0,PM,Evening
18:14:00,18,14,0,PM,Evening
18:15:00,18,15,0,PM,Evening
18:16:00,18,16,0,PM,Evening
18:17:00,18,17,0,PM,Evening
18:18:00,18,18,0,PM,Evening
18:19:00,18,19,0,PM,Evening
18:20:00,18,20,0,PM,Evening
18:21:00,18,21,0,PM,Evening
18:22:00,18,22,0,PM,Evening
18:23:00,18,23,0,PM,Evening
18:24:00,18,24,0,PM,Evening
18:25:00,18,25,0,PM,Evening
18:26:00,18,26,0,PM,Evening
18:27:00,18,27,0,PM,Evening
18:28:00,18,28,0,PM,Evening
18:29:00,18,29,0,PM,Evening
18:30:00,18,30,0,PM,Evening
18:31:00,18,31,0,PM,Evening
18:32:00,18,32,0,PM,Evening
18:33:00,18,33,0,PM,Evening
18:34:00,18,34,0,PM,Evening
18:35:00,18,35,0,PM,Evening
18:36:00,18,36,0,PM,Evening
18:37:00,18,37,0,PM,Evening
18:38:00,18,38,0,PM,Evening
18:39:00,18,39,0,PM,Evening
18:40:00,18,40,0,PM,Evening
18:41:00,18,41,0,PM,Evening
18:42:00,18,42,0,PM,Evening
18:43:00,18,43,0,PM,Evening
18:44:00,18,44,0,PM,Evening
18:45:00,18,45,0,PM,Evening
18:46:00,18,46,0,PM,Evening
18:47:00,18,47,0,PM,Evening
18:48:00,18,48,0,PM,Evening
18:49:00,18,49,0,PM,Evening
18:50:00,18,50,0,PM,Evening
18:51:00,18,51,0,PM,Evening
18:52:00,18,52,0,PM,Evening
18:53:00,18,53,0,PM,Evening
18:54:00,18,54,0,PM,Evening
18:55:00,18,55,0,PM,Evening
18:56:00,18,56,0,PM,Evening
18:57:00,18,57,0,PM,Evening
18:58:00,18,58,0,PM,Evening
18:59:00,18,59,0,PM,Evening
19:00:00,19,0,0,PM,Evening
19:01:00,19,1,0,PM,Evening
19:02:00,19,2,0,PM,Evening
19:03:00,19,3,0,PM,Evening
19:04:00,19,4,0,PM,Evening
19:05:00,19,5,0,PM,Evening
19:06:00,19,6,0,PM,Evening
19:07:00,19,7,0,PM,Evening
19:08:00,19,8,0,PM,Evening
19:09:00,19,9,0,PM,Evening
19:10:00,19,10,0,PM,Evening
19:11:00,19,11,0,PM,Evening
19:12:00,19,12,0,PM,Evening
19:13:00,19,13,0,PM,Evening
19:14:00,19,14,0,PM,Evening
19:15:00,19,15,0,PM,Evening
19:16:00,19,16,0,PM,Evening
19:17:00,19,17,0,PM,Evening
19:18:00,19,18,0,PM,Evening
19:19:00,19,19,0,PM,Evening
19:20:00,19,20,0,PM,Evening
19:21:00,19,21,0,PM,Evening
19:22:00,19,22,0,PM,Evening
19:23:00,19,23,0,PM,Evening
19:24:00,19,24,0,PM,Evening
19:25:00,19,25,0,PM,Evening
19:26:00,19,26,0,PM,Evening
19:27:00,19,27,0,PM,Evening
19:28:00,19,28,0,PM,Evening
19:29:00,19,29,0,PM,Evening
19:30:00,19,30,0,PM,Evening
19:31:00,19,31,0,PM,Evening
19:32:00,19,32,0,PM,Evening
19:33:00,19,33,0,PM,Evening
19:34:00,19,34,0,PM,Evening
19:35:00,19,35,0,PM,Evening
19:36:00,19,36,0,PM,Evening
19:37:00,19,37,0,PM,Evening
19:38:00,19,38,0,PM,Evening
19:39:00,19,39,0,PM,Evening
19:40:00,19,40,0,PM,Evening
19:41:00,19,41,0,PM,Evening
19:42:00,19,42,0,PM,Evening
19:43:00,19,43,0,PM,Evening
19:44:00,19,44,0,PM,Evening
19:45:00,19,45,0,PM,Evening
19:46:00,19,46,0,PM,Evening
19:47:00,19,47,0,PM,Evening
19:48:00,19,48,0,PM,Evening
19:49:00,19,49,0,PM,Evening
19:50:00,19,50,0,PM,Evening
19:51:00,19,51,0,PM,Evening
19:52:00,19,52,0,PM,Evening
19:53:00,19,53,0,PM,Evening
19:54:00,19,54,0,PM,Evening
19:55:00,19,55,0,PM,Evening
19:56:00,19,56,0,PM,Evening
19:57:00,19,57,0,PM,Evening
19:58:00,19,58,0,PM,Evening
19:59:00,19,59,0,PM,Evening
20:00:00,20,0,0,PM,Evening
20:01:00,20,1,0,PM,Evening
20:02:00,20,2,0,PM,Evening
20:03:00,20,3,0,PM,Evening
20:04:00,20,4,0,PM,Evening
20:05:00,20,5,0,PM,Evening
20:06:00,20,6,0,PM,Evening
20:07:00,20,7,0,PM,Evening
20:08:00,20,8,0,PM,Evening
20:09:00,20,9,0,PM,Evening
20:10:00,20,10,0,PM,Evening
20:11:00,20,11,0,PM,Evening
20:12:00,20,12,0,PM,Evening
20:13:00,20,13,0,PM,Evening
20:14:00,20,14,0,PM,Evening
20:15:00,20,15,0,PM,Evening
20:16:00,20,16,0,PM,Evening
20:17:00,20,17,0,PM,Evening
20:18:00,20,18,0,PM,Evening
20:19:00,20,19,0,PM,Evening
20:20:00,20,20,0,PM,Evening
20:21:00,20,21,0,PM,Evening
20:22:00,20,22,0,PM,Evening
20:23:00,20,23,0,PM,Evening
20:24:00,20,24,0,PM,Evening
20:25:00,20,25,0,PM,Evening
20:26:00,20,26,0,PM,Evening
20:27:00,20,27,0,PM,Evening
20:28:00,20,28,0,PM,Evening
20:29:00,20,29,0,PM,Evening
20:30:00,20,30,0,PM,Evening
20:31:00,20,31,0,PM,Evening
20:32:00,20,32,0,PM,Evening
20:33:00,20,33,0,PM,Evening
20:34:00,20,34,0,PM,Evening
20:35:00,20,35,0,PM,Evening
20:36:00,20,36,0,PM,Evening
20:37:00,20,37,0,PM,Evening
20:38:00,20,38,0,PM,Evening
20:39:00,20,39,0,PM,Evening
20:40:00,20,40,0,PM,Evening
20:41:00,20,41,0,PM,Evening
20:42:00,20,42,0,PM,Evening
20:43:00,20,43,0,PM,Evening
20:44:00,20,44,0,PM,Evening
20:45:00,20,45,0,PM,Evening
20:46:00,20,46,0,PM,Evening
20:47:00,20,47,0,PM,Evening
20:48:00,20,48,0,PM,Evening
20:49:00,20,49,0,PM,Evening
20:50:00,20,50,0,PM,Evening
20:51:00,20,51,0,PM,Evening
20:52:00,20,52,0,PM,Evening
20:53:00,20,53,0,PM,Evening
20:54:00,20,54,0,PM,Evening
20:55:00,20,55,0,PM,Evening
20:56:00,20,56,0,PM,Evening
20:57:00,20,57,0,PM,Evening
20:58:00,20,58,0,PM,Evening
20:59:00,20,59,0,PM,Evening
21:00:00,21,0,0,PM,Evening
21:01:00,21,1,0,PM,Evening
21:02:00,21,2,0,PM,Evening
21:03:00,21,3,0,PM,Evening
21:04:00,21,4,0,PM,Evening
21:05:00,21,5,0,PM,Evening
21:06:00,21,6,0,PM,Evening
21:07:00,21,7,0,PM,Evening
21:08:00,21,8,0,PM,Evening
21:09:00,21,9,0,PM,Evening
21:10:00,21,10,0,PM,Evening
21:11:00,21,11,0,PM,Evening
21:12:00,21,12,0,PM,Evening
21:13:00,21,13,0,PM,Evening
21:14:00,21,14,0,PM,Evening
21:15:00,21,15,0,PM,Evening
21:16:00,21,16,0,PM,Evening
21:17:00,21,17,0,PM,Evening
21:18:00,21,18,0,PM,Evening
21:19:00,21,19,0,PM,Evening
21:20:00,21,20,0,PM,Evening
21:21:00,21,21,0,PM,Evening
21:22:00,21,22,0,PM,Evening
21:23:00,21,23,0,PM,Evening
21:24:00,21,24,0,PM,Evening
21:25:00,21,25,0,PM,Evening
21:26:00,21,26,0,PM,Evening
21:27:00,21,27,0,PM,Evening
21:28:00,21,28,0,PM,Evening
21:29:00,21,29,0,PM,Evening
21:30:00,21,30,0,PM,Evening
21:31:00,21,31,0,PM,Evening
21:32:00,21,32,0,PM,Evening
21:33:00,21,33,0,PM,Evening
21:34:00,21,34,0,PM,Evening
21:35:00,21,35,0,PM,Evening
21:36:00,21,36,0,PM,Evening
21:37:00,21,37,0,PM,Evening
21:38:00,21,38,0,PM,Evening
21:39:00,21,39,0,PM,Evening
21:40:00,21,40,0,PM,Evening
21:41:00,21,41,0,PM,Evening
21:42:00,21,42,0,PM,Evening
21:43:00,21,43,0,PM,Evening
21:44:00,21,44,0,PM,Evening
21:45:00,21,45,0,PM,Evening
21:46:00,21,46,0,PM,Evening
21:47:00,21,47,0,PM,Evening
21:48:00,21,48,0,PM,Evening
21:49:00,21,49,0,PM,Evening
21:50:00,21,50,0,PM,Evening
21:51:00,21,51,0,PM,Evening
21:52:00,21,52,0,PM,Evening
21:53:00,21,53,0,PM,Evening
21:54:00,21,54,0,PM,Evening
21:55:00,21,55,0,PM,Evening
21:56:00,21,56,0,PM,Evening
21:57:00,21,57,0,PM,Evening
21:58:00,21,58,0,PM,Evening
21:59:00,21,59,0,PM,Evening
22:00:00,22,0,0,PM,Evening
22:01:00,22,1,0,PM,Evening
22:02:00,22,2,0,PM,Evening
22:03:00,22,3,0,PM,Evening
22:04:00,22,4,0,PM,Evening
22:05:00,22,5,0,PM,Evening
22:06:00,22,6,0,PM,Evening
22:07:00,22,7,0,PM,Evening
22:08:00,22,8,0,PM,Evening
22:09:00,22,9,0,PM,Evening
22:10:00,22,10,0,PM,Evening
22:11:00,22,11,0,PM,Evening
22:12:00,22,12,0,PM,Evening
22:13:00,22,13,0,PM,Evening
22:14:00,22,14,0,PM,Evening
22:15:00,22,15,0,PM,Evening
22:16:00,22,16,0,PM,Evening
22:17:00,22,17,0,PM,Evening
22:18:00,22,18,0,PM,Evening
22:19:00,22,19,0,PM,Evening
22:20:00,22,20,0,PM,Evening
22:21:00,22,21,0,PM,Evening
22:22:00,22,22,0,PM,Evening
22:23:00,22,23,0,PM,Evening
22:24:00,22,24,0,PM,Evening
22:25:00,22,25,0,PM,Evening
22:26:00,22,26,0,PM,Evening
22:27:00,22,27,0,PM,Evening
22:28:00,22,28,0,PM,Evening
22:29:00,22,29,0,PM,Evening
22:30:00,22,30,0,PM,Evening
22:31:00,22,31,0,PM,Evening
22:32:00,22,32,0,PM,Evening
22:33:00,22,33,0,PM,Evening
22:34:00,22,34,0,PM,Evening
22:35:00,22,35,0,PM,Evening
22:36:00,22,36,0,PM,Evening
22:37:00,22,37,0,PM,Evening
22:38:00,22,38,0,PM,Evening
22:39:00,22,39,0,PM,Evening
22:40:00,22,40,0,PM,Evening
22:41:00,22,41,0,PM,Evening
22:42:00,22,42,0,PM,Evening
22:43:00,22,43,0,PM,Evening
22:44:00,22,44,0,PM,Evening
22:45:00,22,45,0,PM,Evening
22:46:00,22,46,0,PM,Evening
22:47:00,22,47,0,PM,Evening
22:48:00,22,48,0,PM,Evening
22:49:00,22,49,0,PM,Evening
22:50:00,22,50,0,PM,Evening
22:51:00,22,51,0,PM,Evening
22:52:00,22,52,0,PM,Evening
22:53:00,22,53,0,PM,Evening
22:54:00,22,54,0,PM,Evening
22:55:00,22,55,0,PM,Evening
22:56:00,22,56,0,PM,Evening
22:57:00,22,57,0,PM,Evening
22:58:00,22,58,0,PM,Evening
22:59:00,22,59,0,PM,Evening
23:00:00,23,0,0,PM,Evening
23:01:00,23,1,0,PM,Evening
23:02:00,23,2,0,PM,Evening
23:03:00,23,3,0,PM,Evening
23:04:00,23,4,0,PM,Evening
23:05:00,23,5,0,PM,Evening
23:06:00,23,6,0,PM,Evening
23:07:00,23,7,0,PM,Evening
23:08:00,23,8,0,PM,Evening
23:09:00,23,9,0,PM,Evening
23:10:00,23,10,0,PM,Evening
23:11:00,23,11,0,PM,Evening
23:12:00,23,12,0,PM,Evening
23:13:00,23,13,0,PM,Evening
23:14:00,23,14,0,PM,Evening
23:15:00,23,15,0,PM,Evening
23:16:00,23,16,0,PM,Evening
23:17:00,23,17,0,PM,Evening
23:18:00,23,18,0,PM,Evening
23:19:00,23,19,0,PM,Evening
23:20:00,23,20,0,PM,Evening
23:21:00,23,21,0,PM,Evening
23:22:00,23,22,0,PM,Evening
23:23:00,23,23,0,PM,Evening
23:24:00,23,24,0,PM,Evening
23:25:00,23,25,0,PM,Evening
23:26:00,23,26,0,PM,Evening
23:27:00,23,27,0,PM,Evening
23:28:00,23,28,0,PM,Evening
23:29:00,23,29,0,PM,Evening
23:30:00,23,30,0,PM,Evening
23:31:00,23,31,0,PM,Evening
23:32:00,23,32,0,PM,Evening
23:33:00,23,33,0,PM,Evening
23:34:00,23,34,0,PM,Evening
23:35:00,23,35,0,PM,Evening
23:36:00,23,36,0,PM,Evening
23:37:00,23,37,0,PM,Evening
23:38:00,23,38,0,PM,Evening
23:39:00,23,39,0,PM,Evening
23:40:00,23,40,0,PM,Evening
23:41:00,23,41,0,PM,Evening
23:42:00,23,42,0,PM,Evening
23:43:00,23,43,0,PM,Evening
23:44:00,23,44,0,PM,Evening
23:45:00,23,45,0,PM,Evening
23:46:00,23,46,0,PM,Evening
23:47:00,23,47,0,PM,Evening
23:48:00,23,48,0,PM,Evening
23:49:00,23,49,0,PM,Evening
23:50:00,23,50,0,PM,Evening
23:51:00,23,51,0,PM,Evening
23:52:00,23,52,0,PM,Evening
23:53:00,23,53,0,PM,Evening
23:54:00,23,54,0,PM,Evening
23:55:00,23,55,0,PM,Evening
23:56:00,23,56,0,PM,Evening
23:57:00,23,57,0,PM,Evening
23:58:00,23,58,0,PM,Evening
23:59:00,23,59,0,PM,Evening
,,,,,
,,,,,
,,,,,
